id,prediction
0,0.0
1,0.0
2,0.0
3,54.07893796226756
4,364.9343579385318
5,829.7993430864478
6,1847.2603863075692
7,2279.0602797851543
8,2888.897977188098
9,2922.5749640427302
10,2706.0187044261384
11,2661.2532550727874
12,2555.0377419554516
13,2602.818574716732
14,2183.409257416839
15,1650.6515975207303
16,1148.0471763534101
17,553.2743435257861
18,266.63056377590465
19,2.8871830299097336
20,0.0
21,0.0
22,0.0
23,0.0
24,0.0
25,0.0
26,0.0
27,135.75157984877495
28,581.4714574272007
29,1160.3870884067758
30,2104.572840742196
31,2678.38273195362
32,3658.3348523162886
33,3903.1713264824702
34,3551.1264925969253
35,3444.064635298342
36,3614.0197224895533
37,3747.6722029157436
38,2835.025928419008
39,2484.750565114372
40,1714.9886867948082
41,775.2753603315168
42,370.1525303524628
43,75.30784296692354
44,0.0
45,0.0
46,3.970560848442439
47,5.360887313383458
48,0.0
49,1.3964680668101472
50,26.489056383762396
51,238.59331507423644
52,612.4447804933527
53,1511.305786175018
54,2612.3647079760176
55,3474.2720999250655
56,4194.673529373479
57,4916.316281804137
58,4946.740409797635
59,4341.7622958393085
60,4527.185570899784
61,3918.0439302237282
62,2969.6278610371555
63,2034.0099595389606
64,1200.694319056745
65,748.4228580142222
66,395.6815618350506
67,122.11997785736241
68,0.0
69,0.0
70,0.0
71,0.0
72,0.0
73,0.0
74,0.0
75,131.45088951014338
76,410.81035763488035
77,1279.2348337755889
78,2625.9957214273845
79,3419.2694669298794
80,3912.490971443606
81,3847.629564370938
82,3729.6984068914876
83,3438.152617641795
84,3276.745433110245
85,3460.9528070430765
86,3254.2270803373776
87,2692.2266803834864
88,1789.130853189126
89,799.956759109316
90,288.22451502990555
91,106.33746140506585
92,0.0
93,0.0
94,0.0
95,5.696395513472762
96,0.0
97,0.0
98,74.74889916930857
99,245.5861169854017
100,609.4527049012665
101,1380.377784842945
102,2440.371718774655
103,3191.443974030205
104,4203.993038546107
105,4703.862162256556
106,4743.0177909292715
107,4691.720483186055
108,4744.921455667037
109,4225.987044031044
110,3579.282627165815
111,2767.9138731444023
112,1862.6175171912503
113,927.0447338943061
114,424.2027122571528
115,156.46826303159293
116,4.029245957970225
117,0.0
118,0.0
119,0.0
120,0.0
121,0.0
122,54.64501315972434
123,285.88834084053815
124,685.3323114288246
125,1626.7011927530957
126,2519.643536816302
127,3262.0110595440638
128,3713.9414313085144
129,3685.4221195287455
130,3237.1539186898262
131,3151.0694181575236
132,3177.81589273765
133,3408.2726406413917
134,3146.963863469393
135,2482.0299078183066
136,1676.813603422485
137,886.5968230990413
138,464.9230819872581
139,150.32103603763596
140,2.224317132153457
141,0.0
142,0.0
143,0.0
144,0.0
145,2.0431596035305954
146,60.98468562391416
147,291.1818492898219
148,680.6888769606815
149,1659.739804460359
150,2756.595177215268
151,3355.409285721261
152,4184.422023213037
153,4416.805068112312
154,4338.17777537749
155,4229.5626028681045
156,3460.612372894316
157,2908.017296292178
158,2983.0639763286167
159,2187.0935565667396
160,1627.7797674100816
161,900.5001889482501
162,390.1354965659492
163,162.83957887283532
164,0.0
165,0.0
166,0.0
167,0.0
168,0.0
169,0.0
170,0.0
171,47.79402121863888
172,116.79006900798456
173,291.9715528305455
174,421.19402949219136
175,542.0043928667156
176,692.2130638499943
177,786.0475572832684
178,988.1559764681917
179,1420.3489514880137
180,2086.9848360509845
181,2027.8117346436288
182,1917.311481560521
183,1834.2566069036845
184,1204.3768208473919
185,583.6619229926364
186,301.4749770123415
187,140.51141468184014
188,3.472574163883065
189,0.0
190,0.0
191,0.0
192,0.0
193,0.0
194,37.45754101202088
195,192.94985422824868
196,340.8477204515451
197,662.4679354590139
198,1425.4503826451041
199,2087.6813058534763
200,2118.3493101469676
201,2205.116194848342
202,2717.6825533541587
203,2455.62438748475
204,2724.818153099758
205,2787.86291343883
206,2294.9522497855432
207,1480.732361032596
208,1259.5630148294897
209,514.2952533901052
210,226.5651423752538
211,36.81638458252364
212,0.0
213,0.0
214,0.0
215,0.0
216,0.0
217,0.517484261299316
218,3.1396476110825837
219,94.07754345669434
220,166.86633333615669
221,372.7326937774309
222,710.0225414620113
223,1193.7065671736564
224,1816.4288643000855
225,1938.4953104467745
226,1621.3776891927787
227,1697.5491060644388
228,1135.6359639200014
229,906.4679181274334
230,837.9883833011966
231,812.8456802774181
232,598.2241523855394
233,339.1715985128112
234,144.78922107365673
235,48.51672159140151
236,0.0
237,0.0
238,0.0
239,0.0
240,0.0
241,0.0
242,4.1484021140747736
243,124.1676957519816
244,238.78655104338338
245,682.6727369210887
246,1262.4420148798613
247,2043.592169908361
248,2326.329220494328
249,1604.4577782858132
250,1822.996635850131
251,1620.722075061571
252,2249.82289365705
253,2499.905429814292
254,1969.2764454164208
255,2052.0392898031414
256,1377.701026846235
257,949.3333150454916
258,462.6765696658024
259,213.54753832709113
260,37.86894537547628
261,0.0
262,0.0
263,0.0
264,0.0
265,0.0
266,49.350548546405506
267,214.42039028061745
268,339.6649644869
269,793.4404075440395
270,1122.531253190224
271,1432.473967540982
272,1816.3451095272976
273,1865.8846230092963
274,1847.8013133122454
275,1839.1007663940077
276,1607.0144040668806
277,1160.6505425739049
278,1357.743017928773
279,1181.3979760039304
280,995.9295742147491
281,438.5792264391351
282,201.0249219309577
283,88.02210837204261
284,13.84959178700278
285,0.6926175554099689
286,2.339503552505038
287,7.493448032854239
288,0.0
289,0.0
290,69.08876409301146
291,194.80783433167636
292,371.81419054774614
293,659.1625862945555
294,1458.399285016928
295,1678.6182062894327
296,1936.552464962063
297,2076.5056568649443
298,2544.983436438219
299,1864.841991387505
300,1641.931102505403
301,1396.8605778554668
302,1386.6437500055788
303,1402.8144667871316
304,1240.8387138976263
305,637.91764246705
306,334.66482418144454
307,196.43310189937878
308,29.22075167224898
309,0.0
310,0.0
311,0.0
312,0.0
313,0.0
314,35.7510712076371
315,203.67068110654895
316,415.4990481362606
317,932.2543991282221
318,1413.0319861040375
319,1719.4382630418472
320,2193.126138251252
321,2736.73389105765
322,2846.8286900019657
323,2408.915309777804
324,2059.2955531120915
325,1761.3485389974949
326,1287.961366263265
327,728.7593877069677
328,710.4222291239339
329,420.8820772682941
330,157.12488318271437
331,47.61563456935173
332,0.0
333,0.0
334,0.0
335,0.0
336,0.0
337,0.0
338,3.437269738595285
339,63.27184292256669
340,233.97782888810826
341,554.034782780712
342,831.6382493481943
343,1000.9691242147666
344,1308.4773403702786
345,1306.3214483586523
346,1364.948081302026
347,1527.6079342528753
348,1724.9931438446201
349,1409.8392967072846
350,1218.3363786285383
351,1098.0405080026972
352,995.2590554816887
353,570.6291855388763
354,243.88664119768822
355,101.72871533109992
356,18.487956560750302
357,0.8518596570629562
358,0.0
359,0.0
360,0.0
361,0.0
362,42.56030803660157
363,194.76705132553712
364,347.04190061889614
365,571.572229638704
366,1086.9477004217497
367,1311.20189776713
368,1634.7543556187738
369,1975.6607120871681
370,1888.9165385148222
371,2091.4808997039927
372,2058.0252721307984
373,1832.1525012400352
374,1217.1201987752302
375,1060.6855029858643
376,977.0217984608233
377,609.7896435413938
378,323.2733801428592
379,80.72087387968996
380,8.685251906086215
381,0.0
382,0.0
383,0.0
384,0.8672794368014785
385,1.0276588942180975
386,14.265865546841823
387,96.41783905342675
388,273.0941494049615
389,624.2246221120433
390,624.656747894946
391,627.8371208895231
392,1046.50333774298
393,1342.697106919157
394,1305.175303493316
395,1405.1891627683653
396,1334.731215262757
397,1402.061314355018
398,1435.8063354200347
399,1011.3421252483695
400,841.6186249859409
401,658.383327745313
402,429.9633448343993
403,234.9344775615129
404,48.323269254042444
405,0.0
406,0.0
407,0.0
408,0.0
409,15.013518254765511
410,135.4257771546039
411,353.7631700466139
412,800.3224307410719
413,1804.6260068925699
414,2931.110640250186
415,3818.704128733481
416,4591.220704753511
417,5052.669393205061
418,5051.950077185298
419,4954.935902927667
420,4770.561018372419
421,4330.775672590177
422,3481.6121358516284
423,2807.5692743967033
424,2149.4082029845617
425,1166.7147459524945
426,573.0323850389977
427,344.7266324214428
428,130.6158553505113
429,0.0
430,0.0
431,0.0
432,0.0
433,0.7354100399897412
434,113.86880880028738
435,334.7734323714843
436,693.4638638129194
437,1279.8839402362025
438,2164.191114186584
439,2911.8850004507094
440,3794.7217492504924
441,4249.588555831895
442,3901.6898150780953
443,3014.670334782588
444,1775.84682645671
445,1305.0904342853787
446,1455.6659260674248
447,1693.0597021719682
448,1400.841494185416
449,732.7490526857049
450,305.1951365810979
451,188.46772412476832
452,23.915971720126294
453,0.0
454,0.0
455,0.0
456,0.0
457,0.0
458,22.334572467974304
459,145.41468631678975
460,346.45813612695446
461,1026.9968550921044
462,2329.774590967839
463,3197.4696394514885
464,3328.291488196909
465,3661.2512866474535
466,4131.268960194784
467,4479.132048735703
468,4788.91622443249
469,4463.174740118926
470,3495.1644371928455
471,2814.5623901338986
472,2069.922379697302
473,1182.321451134737
474,575.5559969967901
475,323.51146895083775
476,90.06005850117344
477,0.0
478,0.0
479,0.0
480,0.0
481,9.941576951907926
482,147.43731586880395
483,312.38578368807305
484,737.6738730173631
485,1618.7383146883312
486,2534.8402882884384
487,3316.339226837977
488,4221.6903601463355
489,4820.813437699792
490,4930.226813750041
491,4782.073116981242
492,4707.690693735157
493,4354.090999375891
494,3447.262360036377
495,2803.364774827475
496,2124.5243631934395
497,1203.6049575762909
498,587.2049096828498
499,309.1113190738043
500,129.04452205603968
501,0.0
502,0.0
503,0.0
504,0.0
505,0.0
506,99.62255929967719
507,297.1915183255655
508,653.4380427358794
509,1483.7386551852887
510,2165.5113649364885
511,3408.853054363063
512,4385.273923477498
513,4787.067306494832
514,4526.837857573486
515,3522.1043777475634
516,3259.6006673695356
517,3547.065985121002
518,3045.230766454597
519,2162.473309905692
520,1661.034450010797
521,738.3559977985874
522,441.72682572508216
523,220.87481303907646
524,46.858103904269235
525,0.0
526,0.0
527,0.0
528,0.0
529,0.0
530,27.877563903445974
531,118.37278473032771
532,318.43178414527927
533,702.3835313008628
534,1094.005710217502
535,1547.7476980581591
536,1182.1935188415423
537,743.9866345431838
538,1367.8765318103767
539,2957.822568748634
540,3309.8220119559746
541,3818.9935068591794
542,3107.039938270609
543,2656.1088579997067
544,1655.4578770640346
545,1128.7179346802702
546,466.82173645471045
547,278.0652174286546
548,109.912934970667
549,0.0
550,0.0
551,0.0
552,0.0
553,0.0
554,16.685792913642665
555,131.18770636551605
556,153.36589439670064
557,320.7564205032155
558,378.7925634192401
559,622.2850003357048
560,1456.7367526826306
561,1329.2657227078184
562,1335.4668965138594
563,1477.0265005468627
564,1601.7721593576703
565,1389.6174132340884
566,2493.0935853649235
567,1922.6233210074324
568,1349.1476129681394
569,853.9707215493278
570,493.68833678399244
571,246.64332249616706
572,39.101964562991284
573,0.0
574,0.0
575,0.0
576,0.0
577,2.2418029340099803
578,101.23681424792642
579,294.0951167480094
580,705.0468158702486
581,1524.0306733556702
582,2667.9561783529343
583,3595.6471827391642
584,4156.123832959818
585,4228.1616699924425
586,4351.495346344381
587,4271.047127100509
588,4021.076128237898
589,3401.6446225420145
590,2904.349008660337
591,1698.8166171133353
592,1267.177963152164
593,1125.9281585518888
594,477.5203864873623
595,295.0592045244361
596,90.30310236907462
597,0.0
598,0.0
599,0.0
600,0.0
601,0.0
602,122.50538537950104
603,269.30936776317174
604,617.4621958233952
605,1498.9588658577466
606,2227.1668497961086
607,2930.2954130788703
608,4009.988203373995
609,4647.916413941351
610,4806.712367014806
611,4806.853691009753
612,4722.592271065309
613,4066.0945519100314
614,3108.766730041404
615,2083.378166326572
616,1440.8869712844833
617,848.9731204065824
618,441.98599555306987
619,289.17390196674984
620,59.9186188875143
621,0.0
622,0.0
623,0.0
624,0.0
625,0.0
626,93.38834118518866
627,313.2996165862613
628,404.22408854045403
629,688.2509752703334
630,856.8953092562076
631,1044.7744671433338
632,1235.13388006372
633,1557.8583566403295
634,1766.183271478356
635,1426.3427668097981
636,1165.3034394808706
637,1024.423483075364
638,1233.9443193264233
639,1206.5353333375292
640,682.9113390499097
641,293.01036837650315
642,163.59746290096035
643,78.45331413281147
644,1.291712670415592
645,0.0
646,0.0
647,0.0
648,0.0
649,0.0
650,6.99973105749536
651,114.33135798373443
652,154.29338843533898
653,276.5690830234155
654,394.68139405052284
655,502.39923107561344
656,640.7121516155687
657,781.7912138917175
658,686.1968925041464
659,545.1126941665484
660,804.7500810538625
661,885.0812688477351
662,907.1590600239163
663,821.3850749361119
664,553.2788336819956
665,327.87804371562424
666,182.15789387241705
667,202.6859540777646
668,20.06001787225241
669,0.0
670,0.0
671,0.0
672,0.0
673,0.0
674,103.17959461254657
675,269.5295224181397
676,543.5722200154214
677,1192.933405216711
678,2129.9585322564503
679,2889.1247638674567
680,3688.45346070027
681,3992.963129406266
682,4273.998228130081
683,4220.7811260336875
684,3999.1186070916806
685,3475.841003650924
686,3108.7749319927043
687,1519.9132499297345
688,1051.709068116605
689,607.552834169127
690,368.8086395890799
691,230.80493554593778
692,36.82569653169486
693,0.0
694,0.0
695,0.0
696,0.0
697,0.0
698,43.75883759212557
699,227.04887256194178
700,352.79223236611193
701,452.90766533771813
702,599.0194221394163
703,992.813068613071
704,1277.6836218220553
705,2230.9639133276924
706,2582.506471381176
707,2718.972815154705
708,2756.9143562027903
709,2167.5046002445706
710,1611.6656710793213
711,1026.2369751925787
712,722.4162545841375
713,390.51535771176765
714,297.67237414933305
715,183.37171202329503
716,41.50656865488662
717,0.0
718,0.0
719,1.3236769925918708
720,0.5034396173879685
721,0.5034396173879685
722,0.2055374884085398
723,6.317270923197832
724,61.21050996702347
725,158.55471145833303
726,303.4842407268608
727,433.969253972698
728,499.49759038683385
729,453.4619041185692
730,459.1242655063573
731,517.8417001730727
732,440.2402461211141
733,419.10857765294764
734,431.97567641236714
735,281.2893347540451
736,196.5327126406136
737,96.72967075939613
738,37.316287604228265
739,0.0
740,1.2094382908689396
741,1.2103624934016817
742,0.5889512367695875
743,0.4752408401299486
744,0.0
745,2.117683903088117
746,2.1150300785773872
747,16.949093088591464
748,103.63297404418687
749,170.77513666826417
750,257.33223507240115
751,433.5508373696662
752,556.8046675044843
753,684.3647382323747
754,650.0120301014524
755,672.0464975632183
756,709.208819268681
757,671.9108047188413
758,521.2519117236877
759,377.88394915678913
760,241.2823978539124
761,135.92450591825778
762,56.46667777852484
763,7.55369305417574
764,0.6048880529498204
765,0.07786764497590715
766,1.1850047276313884
767,0.0
768,1.0772649875136078
769,0.6909568877186933
770,2.113440560938927
771,42.128277080787505
772,144.27964446404087
773,283.2539609780418
774,498.65098032763245
775,648.1719414447966
776,817.4540098537093
777,910.8146132374593
778,997.0989198690879
779,909.4185839919439
780,776.1247849323534
781,662.5337922387696
782,573.9030952353871
783,440.2737357658619
784,242.73501597916646
785,150.9791602051279
786,71.34592707476877
787,14.61002394331431
788,1.6372755524192582
789,1.6372755524192582
790,0.9154616027527387
791,0.2083583507650938
792,0.4494030941552343
793,0.0
794,0.8331966757974834
795,28.513667455285468
796,91.51506052130227
797,214.64671170408633
798,441.00766804158275
799,651.2668667096134
800,750.0553707386807
801,661.6814950387759
802,630.3676009457549
803,607.1861194860458
804,638.7267398623935
805,655.4452276041131
806,610.6695683090775
807,517.3048007197324
808,313.14118159045637
809,172.76162476012485
810,61.894852276605064
811,21.09922371323755
812,2.2172397260177976
813,1.625951251291629
814,1.5808687800834123
815,1.3124663979300837
816,1.1773840670783233
817,0.6824584768493305
818,6.512465792546554
819,58.32920738291333
820,112.86960590952235
821,244.5746719051709
822,439.3126420024043
823,570.4788787204191
824,772.7648181194031
825,906.3684555416005
826,972.3453302669025
827,973.9312417560675
828,980.757886888721
829,812.5044535646011
830,674.2664553176721
831,508.93612359530607
832,343.817850075633
833,190.40132706644926
834,102.89957874906949
835,32.26083067998027
836,2.761349330548671
837,2.263438920929435
838,6.2901716038058195
839,0.7065551147977565
840,0.784715313388151
841,0.784715313388151
842,5.702165173702966
843,55.26847312011229
844,154.59495895480433
845,329.4319225795752
846,483.08265707991376
847,589.1168220153359
848,719.2027642381242
849,830.4838743728867
850,735.5468311531934
851,681.6949178031693
852,674.0706050159465
853,781.8847828146731
854,637.1231382292692
855,496.69067931551416
856,328.8615890479385
857,202.72753055513815
858,100.79416348097878
859,30.498866532953357
860,1.9917146921261661
861,0.3480246041833581
862,0.49562164921701557
863,0.0
864,0.9549977746324305
865,1.068469660184588
866,5.90416783563603
867,56.84838436488745
868,162.97369053005684
869,344.77646782885125
870,498.9553719972446
871,666.0257116735247
872,825.6347781714112
873,953.0957662214892
874,957.8446385572654
875,947.5237617244
876,831.9858260587191
877,753.1736379261247
878,610.1383853744219
879,493.3877926266055
880,335.6479431735397
881,197.16752766076053
882,99.26358435271742
883,36.936208453782484
884,1.568296029920878
885,0.37602085622541015
886,0.10295300027479548
887,0.10295300027479548
888,0.048467200636938546
889,0.49524867192768673
890,0.9053846123912315
891,7.3645087949967944
892,19.686615907917133
893,49.55327356252337
894,80.83010085805029
895,138.54562543898166
896,179.2598440684311
897,220.16404338748208
898,219.91983241643277
899,333.865743638143
900,412.661516009009
901,456.14231992129277
902,388.6236104310203
903,337.46568788716036
904,235.79356306303282
905,151.72293592114153
906,87.58914233459694
907,30.363996972852146
908,1.3889742337302047
909,0.04654633268690189
910,0.04654633268690189
911,0.11787120364725812
912,0.36042283864225166
913,0.36042283864225166
914,5.083513756234063
915,30.26613684195832
916,73.15326434783921
917,123.38285153652743
918,218.21775169450984
919,417.7992323282441
920,365.907634915021
921,403.9785436785726
922,462.9183681113762
923,457.1666991627381
924,521.6857802848228
925,505.23619252766895
926,430.0160560780667
927,331.48066462499736
928,166.30552320871413
929,100.9797265067073
930,53.11867829201136
931,8.133136609827151
932,0.0
933,0.0
934,0.0
935,0.0
936,0.0
937,0.37568398681068027
938,1.0120946363120575
939,12.325884870124641
940,22.361793718711294
941,56.154516869614966
942,157.70330572467157
943,289.5967896976352
944,401.324216398995
945,379.15499259994715
946,419.4050721877275
947,452.5165995112506
948,346.85879031423826
949,238.13337612570137
950,224.88602480775938
951,221.33221001127646
952,123.06985203139931
953,53.132447075525995
954,34.44014387681479
955,17.407434980516676
956,1.772399734834285
957,0.4144260644636717
958,0.32066784829011885
959,0.32066784829011885
960,0.671895902831128
961,0.2661819439043096
962,1.4361855261458745
963,20.765165347704897
964,56.67964636788379
965,121.36834721460897
966,241.30894052381382
967,421.27901863570133
968,427.6525521242022
969,238.88714503837537
970,237.04065066688457
971,264.47464604893327
972,330.4237284480068
973,314.26585340048064
974,326.63911095516266
975,287.5249118948074
976,261.5113809420544
977,176.24779694410506
978,89.21397816726981
979,30.006807678795454
980,4.489062818933289
981,0.44772786370270223
982,0.2427291305901762
983,0.0
984,0.36042283864225166
985,0.3584232964118008
986,9.720485276698152
987,45.94842884497703
988,107.99513553905851
989,149.90168757297835
990,312.59887917690423
991,376.95834653820344
992,450.96650208801447
993,462.51190703550617
994,496.8207134597617
995,501.3117613700304
996,435.4983037848366
997,370.1116747192014
998,350.5801678446899
999,311.32557363713437
1000,175.60462420077133
1001,103.89896802086338
1002,59.531933619651355
1003,13.97681315593156
1004,0.9974208211939741
1005,5.836118812540138
1006,0.0
1007,0.0705588580295976
1008,0.33436510953009013
1009,0.767164292236409
1010,12.812971053730916
1011,42.455002571171136
1012,100.65532792611658
1013,137.94049745569777
1014,304.1465652319841
1015,324.1119583009482
1016,416.2259949882839
1017,442.151628994116
1018,444.40396611487216
1019,395.2782009305508
1020,354.7963341627598
1021,340.77639164967184
1022,321.99189852550654
1023,306.426561321272
1024,178.3197515269917
1025,130.4660732987266
1026,88.42455160614861
1027,43.28176123730906
1028,6.694955888172272
1029,0.6597750982738948
1030,0.7200414136617121
1031,0.6749312889940773
1032,0.5928401092482145
1033,0.3203977272136924
1034,10.035063663106392
1035,49.51201824041689
1036,115.91117271329398
1037,194.28519724117405
1038,322.0729152190249
1039,398.95657905406614
1040,506.467249778806
1041,552.3146921229047
1042,572.6025228487688
1043,581.0957194153898
1044,530.0430634316076
1045,376.026786698223
1046,290.97850612510825
1047,219.693328280254
1048,119.47699204127308
1049,68.60412623309566
1050,26.4968826937613
1051,10.754814249248666
1052,0.09397106665169996
1053,0.0
1054,0.0
1055,0.0
1056,0.0
1057,0.0
1058,0.470237869336668
1059,14.100966822676043
1060,59.36224836818606
1061,124.32126428237314
1062,198.13797683106628
1063,231.37754871411164
1064,327.24007588158696
1065,375.6957524626924
1066,359.78716359077265
1067,386.58386598852013
1068,378.6947253915686
1069,337.202369954933
1070,307.3399262469657
1071,282.07654676853576
1072,199.41886786647814
1073,120.53326964743556
1074,61.433013837332425
1075,24.998360713183622
1076,4.839965044766881
1077,0.5705914346749956
1078,0.0
1079,0.0
1080,0.6487518427612948
1081,0.6396909576546299
1082,6.206080994734249
1083,44.80644166398506
1084,80.60558653305382
1085,128.6156559347308
1086,203.79821557577935
1087,297.9519013498738
1088,368.5911879044931
1089,479.23732533327285
1090,525.0130102429648
1091,526.7803576605345
1092,494.3470463848504
1093,451.6697116584077
1094,354.6021180082833
1095,272.0658616213005
1096,177.93071644410202
1097,159.75092899240448
1098,100.8152198512498
1099,34.83044713926505
1100,2.528927848537742
1101,0.0
1102,0.0
1103,0.6643496508485487
1104,0.6487518427612948
1105,0.9557301488621226
1106,4.346378159100205
1107,25.637628642490363
1108,53.466637499677894
1109,101.82034785138666
1110,194.8078601455914
1111,221.9251479750371
1112,265.0747573740495
1113,297.95424806565813
1114,301.2847446902333
1115,366.74560115668515
1116,380.1887478078658
1117,339.73850402766345
1118,318.0195187953074
1119,244.56831285334522
1120,201.87948857923564
1121,143.8571273258636
1122,103.55101144356243
1123,47.038057655992446
1124,6.586370359293331
1125,0.10532369050481738
1126,0.0
1127,0.0
1128,0.44058518959369986
1129,0.9084296046632079
1130,30.99500810055987
1131,89.84313174297682
1132,194.06533854608182
1133,395.6498125806441
1134,575.0631628787478
1135,745.3356760554966
1136,907.5504015280385
1137,1001.8092448826185
1138,1015.0783957637286
1139,979.4701897761154
1140,986.9237368039978
1141,908.6208448258001
1142,731.6262345369541
1143,567.6184834266855
1144,386.00868201514857
1145,256.4136776738202
1146,142.92175311738293
1147,55.8916063971151
1148,12.129093323642277
1149,2.13559351704367
1150,1.5731756714716503
1151,1.7459519719652739
1152,1.6017259828577277
1153,3.9382310386805797
1154,35.35205129858998
1155,109.71431366588578
1156,185.4282130958004
1157,345.22590477406084
1158,454.93809407644545
1159,571.648397147736
1160,709.1446234945888
1161,849.2792007962344
1162,749.1952441606556
1163,566.5271031453308
1164,388.3071665008071
1165,444.86054119831357
1166,376.69178589234144
1167,401.94468255920435
1168,248.21197070495975
1169,188.79134434007653
1170,109.54071762202068
1171,44.21783601256729
1172,7.49374300583986
1173,2.548204158709662
1174,2.4807670279805034
1175,2.3027324239985436
1176,1.1105582254189827
1177,1.5130963971044427
1178,21.092563312486895
1179,55.24770838879338
1180,129.06210133692923
1181,233.52140334080644
1182,472.5186191563667
1183,590.0838709135271
1184,782.0659141961582
1185,842.3289684695189
1186,926.4287180520957
1187,946.329588557061
1188,972.7695501059977
1189,904.5158821610507
1190,706.6018633795991
1191,586.0371914912262
1192,413.92653008020505
1193,259.2856189550202
1194,157.7723708241631
1195,68.04780909548217
1196,16.179330156821774
1197,3.1452369153927227
1198,1.6372755524192582
1199,1.6372755524192582
1200,2.8487484700189967
1201,4.27644527402067
1202,35.37662139205217
1203,87.46710250946592
1204,206.85323138177444
1205,355.8651295247074
1206,481.316063963761
1207,642.135905510967
1208,798.9587767988226
1209,945.4904826378618
1210,955.949518010581
1211,922.133701320596
1212,928.1844579700421
1213,879.5568276032366
1214,706.8975831992907
1215,564.2052200779503
1216,388.07868283354645
1217,234.79971648024704
1218,140.96401297363622
1219,71.60536018287729
1220,16.877608837816666
1221,3.310169159890406
1222,1.9439923743904428
1223,1.6372755524192582
1224,0.38862915775284024
1225,3.6663647144662255
1226,29.668545689584178
1227,86.83305356870957
1228,181.67605055226167
1229,329.71789663763076
1230,466.3444370306061
1231,663.1839503506499
1232,766.8096802121393
1233,859.4416252308163
1234,848.9121198972837
1235,771.4644647684611
1236,661.4740738436226
1237,661.8432275647692
1238,553.8326999644157
1239,449.5409678106012
1240,314.0168831252605
1241,192.49264972440523
1242,106.41380035825873
1243,52.60172751251766
1244,9.911085735774993
1245,0.0
1246,0.0
1247,0.0
1248,0.0
1249,0.0
1250,4.33983276428582
1251,33.38181414706342
1252,105.21971930269059
1253,141.04277370752982
1254,260.52334564328976
1255,266.1867074408603
1256,261.0486812505577
1257,196.65616563005784
1258,382.67424412322913
1259,653.5350471887953
1260,745.0318491645253
1261,828.2810424346271
1262,642.2638662574338
1263,520.0480520069375
1264,331.9657608259392
1265,213.56186775977415
1266,123.79010883391382
1267,58.1430590974333
1268,11.694915316901886
1269,0.0
1270,0.0
1271,0.0
1272,0.0
1273,0.0
1274,1.683758329291095
1275,30.75164636893732
1276,41.25255347350699
1277,45.41685966929995
1278,115.30448832737127
1279,137.90450953976048
1280,318.76106930458565
1281,317.98435684950147
1282,350.2920317825722
1283,380.2089862819527
1284,411.2297870958228
1285,489.38332681189775
1286,560.1068939294901
1287,526.9601401244986
1288,322.38707188436746
1289,187.4140350688116
1290,117.30433047037403
1291,54.86574212640633
1292,14.048577760927717
1293,3.1895634388465646
1294,1.4381119857554068
1295,0.8100563570103927
1296,0.0
1297,1.6649066301887654
1298,27.375697381196847
1299,79.48434773260713
1300,194.4837202972759
1301,345.7757081387753
1302,527.0930258117896
1303,681.110691140947
1304,784.0751685793002
1305,832.0304556431172
1306,888.6273500601455
1307,882.402088325638
1308,839.786331594014
1309,713.900227155644
1310,549.5992169054589
1311,504.5343488614612
1312,337.549773503879
1313,207.4237064879838
1314,117.05727618673029
1315,55.10804404660377
1316,9.531787690630098
1317,0.0
1318,0.0
1319,0.0
1320,0.38862915775284024
1321,2.9197875071858883
1322,31.615934809703518
1323,76.67069091494332
1324,176.7117188342887
1325,355.5602865342768
1326,511.3926952251757
1327,644.9559896071562
1328,789.1468060801928
1329,919.2516061175454
1330,879.7345163737677
1331,854.9896827110624
1332,826.9684764091933
1333,772.4257817256062
1334,605.9683770657819
1335,498.3099755631179
1336,301.3264327957545
1337,204.90410515093524
1338,121.0379485083628
1339,74.21185739085936
1340,16.181252124431133
1341,0.0007838681836384032
1342,0.0
1343,0.0
1344,0.0
1345,0.38247019943502103
1346,22.635314444261443
1347,76.00607029989068
1348,125.41211488447398
1349,200.02949670439506
1350,278.7187870091126
1351,236.38067817881418
1352,269.5808966390624
1353,322.7129365234076
1354,384.38813750254394
1355,325.8998166026265
1356,340.32928774741424
1357,311.73956314450635
1358,312.4437705983001
1359,345.05346157218474
1360,182.96709866354553
1361,111.82635680850379
1362,41.135298467016845
1363,16.285447283408637
1364,1.6153509575365943
1365,0.0
1366,0.0
1367,0.0
1368,1.1033413174929254
1369,0.8483766096364034
1370,1.31709954695549
1371,17.86857178876007
1372,41.70064405145659
1373,59.572666987242876
1374,111.36081303017042
1375,128.54562502209296
1376,128.59541782642575
1377,123.16864477641025
1378,149.60989413793516
1379,227.96066349174038
1380,255.32435306527242
1381,270.05895347150744
1382,232.45489515575417
1383,211.82815898862532
1384,159.33633993021743
1385,124.36619684996879
1386,53.77830171045733
1387,21.84725869620494
1388,4.287474315422479
1389,1.1350180905037905
1390,1.101163184515108
1391,0.4155236135083049
1392,0.0
1393,0.19702142100895892
1394,19.20180733417945
1395,56.79139439404495
1396,104.50506010579345
1397,141.43245535694342
1398,169.82999150018114
1399,254.19096361577897
1400,627.7648174155922
1401,870.8757523279414
1402,888.1805988781725
1403,815.0398423463312
1404,689.229681076692
1405,641.9176509475487
1406,366.73353664078496
1407,222.75629205263132
1408,140.6233176909702
1409,102.82151009896202
1410,80.1839836719028
1411,45.44509802974649
1412,9.509276732531795
1413,0.7320217417563541
1414,2.036261073304972
1415,0.0
1416,0.0
1417,0.0
1418,14.127417998802354
1419,39.0877460245588
1420,80.1222865199388
1421,64.10101355207797
1422,158.79321596599374
1423,148.50801067339535
1424,362.1382593757041
1425,574.4365143707284
1426,627.0682713569738
1427,670.0797732295346
1428,647.3118450167385
1429,542.7710171632884
1430,350.6085353245857
1431,242.93598175924373
1432,132.6906171361774
1433,79.9437355324777
1434,72.13336597752743
1435,32.95990839458382
1436,9.057926487488423
1437,1.7045162874803461
1438,0.1234544790029597
1439,0.0
1440,0.0
1441,0.0
1442,0.0
1443,3.5851528311457486
1444,35.28564130345711
1445,76.3555735187661
1446,153.0356987333598
1447,300.8560153810887
1448,331.88184586067075
1449,353.7820797359236
1450,459.2172379196671
1451,395.06628965643347
1452,299.6535808702117
1453,297.6620712793573
1454,307.7793697919334
1455,246.401399696437
1456,168.9040938960633
1457,104.63763289327122
1458,42.34478296952685
1459,3.2385352716765796
1460,0.17471383461094714
1461,0.0
1462,0.0
1463,0.0
1464,0.0
1465,0.0
1466,0.0
1467,11.797740106883708
1468,60.67494357866641
1469,117.14516430223968
1470,205.85559070624208
1471,312.85689143985473
1472,512.4983503597405
1473,606.9058635774416
1474,623.4852328795735
1475,719.7183622616831
1476,625.7973576174272
1477,615.4137727030836
1478,504.7670781210361
1479,402.9786426640226
1480,274.24607480414124
1481,164.7474481265571
1482,65.88123407620499
1483,14.269260530833881
1484,1.4361840837170332
1485,1.2330078775041375
1486,0.0
1487,0.0
1488,0.9400252083217948
1489,0.037082469109982696
1490,0.41181516246317695
1491,27.412355097525683
1492,84.88735971386029
1493,197.09070845532412
1494,320.569974822389
1495,498.01103817657474
1496,643.4209692946667
1497,780.4127102783366
1498,833.5739066231437
1499,757.4861661616826
1500,741.5968836754241
1501,656.8001508207279
1502,542.5138951950203
1503,351.4417654666023
1504,233.2125292725226
1505,151.8884521035285
1506,68.89775239585197
1507,17.968200226776283
1508,0.0
1509,0.0
1510,0.0
1511,0.0
1512,0.0
1513,0.05773844325118915
1514,1.306260128927784
1515,12.0538946374201
1516,66.91332316623497
1517,144.16509873776423
1518,303.72875985944665
1519,460.4183318425046
1520,561.6523246221259
1521,593.5867897556159
1522,609.5814389373732
1523,568.6837870022764
1524,534.2368584667892
1525,561.9058548284315
1526,549.134585702121
1527,467.86597500987295
1528,309.1897699127426
1529,165.4322873100945
1530,58.051325233342
1531,19.159492914337108
1532,0.0
1533,0.0
1534,0.0
1535,0.0
1536,0.0889641688051408
1537,0.0889641688051408
1538,4.794156474635855
1539,32.620318752894214
1540,81.20693361636597
1541,178.66698040535297
1542,328.64398437225736
1543,468.7682195600713
1544,606.6803237445952
1545,645.6449282343967
1546,765.7609521194112
1547,797.4980492707955
1548,806.0533433163114
1549,655.2158343072056
1550,593.6443045137232
1551,477.15574234665644
1552,326.56381954289634
1553,209.12993644189882
1554,80.402667926389
1555,22.72774946132145
1556,2.4768887832238384
1557,0.7721456261107056
1558,1.2657090626757288
1559,0.9400252083217948
1560,0.9400252083217948
1561,0.06543904202788742
1562,6.134500648889414
1563,34.19480189559208
1564,94.69393063266571
1565,209.7010691437863
1566,337.684699144961
1567,490.9496931036256
1568,593.9056853082259
1569,610.4647523983365
1570,673.6642806884686
1571,634.8869493375676
1572,629.9669631250509
1573,639.630053553491
1574,579.0090700505799
1575,444.42358664847814
1576,287.54207036770117
1577,189.77677373646986
1578,96.6023319144522
1579,28.648705090160313
1580,2.8195683168410106
1581,0.5525292779949456
1582,0.9408494344395155
1583,0.03131783581052083
1584,0.0889641688051408
1585,0.0889641688051408
1586,7.556807387068389
1587,32.09395751642963
1588,92.89432608985385
1589,209.25315487646986
1590,343.87872378250574
1591,515.4473764791426
1592,680.1648745928193
1593,741.2560795754075
1594,724.155717404289
1595,728.165065908091
1596,682.5848914416055
1597,612.7087594990866
1598,561.4242941078188
1599,423.29790151880604
1600,274.251064671377
1601,192.06491559855323
1602,86.96655375744074
1603,25.768137689373948
1604,4.744612179372773
1605,0.07111495791254807
1606,0.5272824005285097
1607,0.0
1608,1.2541034901840296
1609,1.2541034901840296
1610,2.3136348009624914
1611,11.428299445938732
1612,21.775851144623303
1613,57.47100359350002
1614,74.24073112089232
1615,103.78231177856131
1616,129.85393612638822
1617,191.10227628267413
1618,278.16516858726845
1619,307.97290017406647
1620,411.3868129025767
1621,359.0041342502187
1622,351.092109967185
1623,323.2198758547197
1624,208.09322054497326
1625,127.9196504256569
1626,58.78204996092576
1627,24.497411109774564
1628,2.989313784972646
1629,0.4146476046285481
1630,0.4146476046285481
1631,0.021562896665291653
1632,0.0
1633,0.0
1634,6.932521050049015
1635,26.560745188302256
1636,47.08090581640014
1637,98.10929414317863
1638,201.88269353013993
1639,362.70034760541614
1640,449.03305118321066
1641,477.0621068544526
1642,465.04971901922704
1643,522.5450628053962
1644,522.6661387690258
1645,508.2062818467281
1646,441.9008685018787
1647,330.0578581487972
1648,150.74934512884718
1649,78.4195007359456
1650,47.24429896271731
1651,21.797804518205847
1652,0.866813356635947
1653,0.0
1654,0.0
1655,0.0
1656,0.8472148083812323
1657,0.6401576749314664
1658,7.433835316565466
1659,20.442400954356003
1660,31.360901289470213
1661,61.75436974085179
1662,102.929536534813
1663,213.19046474267807
1664,333.58064800452416
1665,320.2090216368231
1666,374.41125979687206
1667,355.09069525117025
1668,328.77969112240385
1669,257.23369365172744
1670,229.12583060849087
1671,175.23482510372313
1672,100.04440798298477
1673,71.31295367175511
1674,34.34602559106054
1675,16.647652083206463
1676,1.6972854605642747
1677,0.0
1678,0.4885197772454195
1679,0.2396202309148059
1680,0.2802518720210354
1681,0.7799985267342906
1682,3.494834965982669
1683,18.368406568148167
1684,49.37367019915298
1685,103.35841650000548
1686,203.01954599431096
1687,337.6492396329778
1688,317.45979491277967
1689,211.023146985292
1690,262.6773699138233
1691,339.2398061199093
1692,347.62914652381426
1693,272.6554769278042
1694,312.92934362609924
1695,314.17151184825934
1696,282.370634303511
1697,186.39244948592673
1698,93.1110825677636
1699,31.583430359382625
1700,7.767418626091359
1701,0.15172072866718378
1702,0.3097662435323387
1703,0.0
1704,0.0
1705,0.0
1706,12.891837057537277
1707,33.32934298614687
1708,73.17899240321395
1709,126.0360150901872
1710,203.54998835193587
1711,317.9296958335983
1712,331.17080944132965
1713,402.6604054241543
1714,438.7301383121934
1715,432.75222889040344
1716,354.74709725270543
1717,337.5216539306117
1718,313.0169855772922
1719,252.3621149333821
1720,170.18956236087664
1721,104.17271092567945
1722,45.383380361551204
1723,15.737168643533458
1724,7.722117778533841
1725,0.0
1726,0.0
1727,0.0
1728,1.697620289582522
1729,1.6399739565879021
1730,12.633505676356746
1731,28.024030290973727
1732,62.815127284492526
1733,103.46387779937024
1734,249.80717437170586
1735,278.13545394349876
1736,381.90509346300996
1737,342.0838754342285
1738,359.750670624829
1739,397.1235975989297
1740,331.88280202288377
1741,260.6135242422504
1742,228.4197761937699
1743,212.88671687930142
1744,140.6434820751909
1745,125.4643237190805
1746,63.02747964301916
1747,36.711109548392855
1748,10.862122990289828
1749,1.3383065308177162
1750,1.4531643485248686
1751,1.0676687755915752
1752,0.0
1753,0.0
1754,12.099354792989317
1755,33.78881238327055
1756,77.94609128026369
1757,131.3505149797776
1758,240.0654397765745
1759,326.65751968004145
1760,403.784651730984
1761,551.8437509617785
1762,498.3632182519884
1763,558.6408926456846
1764,491.7787400413172
1765,397.897751571464
1766,317.62798781642766
1767,176.76002671420022
1768,120.3386419065429
1769,85.85144020024157
1770,29.819911071356408
1771,18.232188705047875
1772,5.410738136404982
1773,0.5614352125330184
1774,0.41198973453926957
1775,0.13532590518240495
1776,0.10073810538563288
1777,0.6865192717985547
1778,4.255609541838741
1779,15.018151347730235
1780,47.90323144127703
1781,84.4396413580304
1782,153.34630534735933
1783,178.28563090662615
1784,236.31142940305224
1785,248.6548626415789
1786,296.90956682154183
1787,310.8158632112845
1788,277.3378153760565
1789,226.61132702263944
1790,199.14267273324876
1791,174.24273050888942
1792,123.06367745433019
1793,102.95098474989531
1794,51.11170442668417
1795,25.720052280510064
1796,8.61932651037429
1797,1.0933082470388875
1798,0.012769849314629989
1799,0.02705876052471856
1800,0.4832260636305046
1801,0.41405046403696044
1802,5.32608948618886
1803,25.73163411570979
1804,52.64861555935317
1805,84.23950523817561
1806,144.24220671875904
1807,189.58125197412804
1808,298.74911633420606
1809,418.69311118458756
1810,445.94200951049265
1811,511.69486243578297
1812,449.1832853376952
1813,370.30635542091454
1814,299.22555334446486
1815,200.2861076251316
1816,166.3607379035191
1817,168.26408473707804
1818,78.0009902039175
1819,33.08987855862989
1820,4.490051812749031
1821,0.6479047120249486
1822,0.6479047120249486
1823,0.3110568348852367
1824,0.7672241379910227
1825,0.7384009714937128
1826,3.9026270047541205
1827,23.30814029167024
1828,56.257168357324126
1829,85.27822116871343
1830,123.88838594996169
1831,162.60103968643503
1832,195.67656816687176
1833,299.980133211567
1834,328.42229435448553
1835,271.9454027348146
1836,297.4524632948163
1837,273.0957020051027
1838,221.17835818514877
1839,184.8134367698158
1840,130.31065769851674
1841,157.49056020813555
1842,98.29645624891981
1843,50.61412161715057
1844,17.680173394274668
1845,0.35700127163392814
1846,0.4146476046285481
1847,0.05437636900836873
1848,1.960945115233267
1849,2.4211732293927875
1850,16.514521240820514
1851,60.72190350157108
1852,111.03216091035137
1853,255.81270477555168
1854,457.3762547822341
1855,610.9200708661466
1856,736.6167793806492
1857,837.9857610549853
1858,899.0647783145137
1859,908.7954037917498
1860,876.9379684661075
1861,827.6886112777804
1862,661.09366139003
1863,513.3843211253072
1864,365.79276911981117
1865,255.7695222534076
1866,132.74707322697293
1867,50.99038359097041
1868,16.998542779849956
1869,0.0
1870,0.0
1871,0.0
1872,0.0
1873,0.0
1874,15.36650465911352
1875,53.28295602463048
1876,100.43584853793077
1877,227.9195629116494
1878,354.95209621863535
1879,486.3197129270246
1880,592.0646997607528
1881,719.4481121290564
1882,702.1214286359445
1883,611.3709411957499
1884,429.6401167187356
1885,348.37526246214316
1886,326.3196158712676
1887,312.10368237792954
1888,270.9323695202238
1889,149.98006526368638
1890,75.41616060364578
1891,37.44921471530149
1892,11.827396758671167
1893,0.0
1894,0.0
1895,0.0
1896,0.08637848720970442
1897,0.0
1898,11.855650949192007
1899,30.952697559435407
1900,64.67140631217809
1901,156.5251327349084
1902,375.2333704782509
1903,516.5136045851888
1904,496.88038801421555
1905,628.6890939440805
1906,647.7126256041564
1907,811.9042185350759
1908,839.994380796849
1909,800.6110216664154
1910,613.8146613548763
1911,523.5454295877378
1912,379.40907676035204
1913,252.07122600617188
1914,138.14083541646178
1915,51.65024617322126
1916,14.757759821037912
1917,0.0
1918,0.0
1919,0.0
1920,0.0
1921,1.3509524301745488
1922,20.804365114058292
1923,53.92670326513037
1924,110.10882857630256
1925,228.6831995977395
1926,386.5404225070289
1927,554.7015825032918
1928,721.3777105998586
1929,816.7717546927654
1930,906.690788389069
1931,890.3483270640215
1932,865.2116001033343
1933,805.7420047404205
1934,629.9714042559004
1935,534.6427203616083
1936,372.24321688456007
1937,258.5058582778164
1938,138.47871465319412
1939,53.58216760330072
1940,14.933853566083265
1941,0.0
1942,0.0
1943,0.0
1944,0.0
1945,0.0
1946,16.671542157770503
1947,58.00401896845412
1948,111.49004100652283
1949,228.32418163294508
1950,367.9787679669121
1951,568.2582514269719
1952,699.3631379794138
1953,814.7834664602182
1954,825.502968118353
1955,623.3726268262234
1956,610.5163927384004
1957,676.0958895388783
1958,493.6409263585873
1959,353.40841335793993
1960,276.1430274000204
1961,192.6852292162531
1962,105.31305187797186
1963,45.578871433412544
1964,13.828778954093721
1965,0.0
1966,0.0
1967,0.0
1968,0.0
1969,0.0
1970,4.742187178715213
1971,14.450475324120767
1972,56.604160183275226
1973,103.52572953349838
1974,186.3851085658411
1975,256.93410417883126
1976,351.2973603498772
1977,246.069422273788
1978,246.7168636730064
1979,446.24509490204616
1980,638.6195522334649
1981,704.2246154864167
1982,606.8658638078241
1983,468.71611616459995
1984,298.7248237484216
1985,225.0972238992904
1986,118.2235340428008
1987,45.95744120206855
1988,15.870457206795038
1989,0.0
1990,0.0
1991,0.0
1992,0.0
1993,0.0
1994,1.3648991677416964
1995,18.912805377581122
1996,27.408831160205377
1997,40.78404076042624
1998,87.81585985224501
1999,128.58960599009222
2000,202.66231064147405
2001,240.85677392786198
2002,290.3909509779144
2003,288.174403749216
2004,340.21299146229137
2005,398.83279094371176
2006,483.88007388905964
2007,409.69749075162997
2008,286.8469387300445
2009,202.5601546756727
2010,113.12382800113309
2011,46.0779821134082
2012,13.142634860036488
2013,1.0596845275910352
2014,0.3446603718729113
2015,0.0
2016,0.0
2017,0.0
2018,17.243242566162028
2019,50.37566854901331
2020,100.93238934924871
2021,228.72904825598036
2022,411.3543801962369
2023,587.0096937914293
2024,695.1959728953167
2025,806.6019584432822
2026,884.527787281357
2027,894.2011728555447
2028,750.2134151852106
2029,683.3003585375247
2030,532.4329046449654
2031,409.1753420850472
2032,291.9973281697254
2033,207.4088508124589
2034,93.08939045930364
2035,43.443114408581195
2036,14.345422820748563
2037,0.0
2038,0.0
2039,0.0
2040,0.0
2041,0.0
2042,16.533419223473125
2043,52.28880006922865
2044,108.09202508460424
2045,235.75828885096107
2046,372.0352222248546
2047,536.7515044683169
2048,634.0211404395988
2049,773.7420107176898
2050,881.9816195808025
2051,880.0442959798913
2052,850.9014119524768
2053,794.0134353101175
2054,626.1592752733692
2055,418.5439009294795
2056,269.0396333972534
2057,194.7260582302627
2058,116.13371783731012
2059,49.87130779233314
2060,13.915665977362382
2061,0.0
2062,0.0
2063,0.0
2064,0.0
2065,0.0
2066,10.61220287485759
2067,50.73267688948574
2068,78.45519330423423
2069,116.8436472388193
2070,166.29643805102452
2071,149.98661397798418
2072,198.86578077092386
2073,267.0436385955127
2074,341.57650548357606
2075,241.58200884137372
2076,218.4979007949747
2077,189.97812035014664
2078,198.56698902247493
2079,179.10883777904908
2080,152.30070447986228
2081,90.0339726297612
2082,44.996385884532685
2083,16.793839031849217
2084,1.8580934397137718
2085,0.0
2086,0.0
2087,0.0
2088,0.0
2089,0.0
2090,3.793053337310539
2091,12.73605874382989
2092,26.691272461289564
2093,50.80708497072891
2094,81.39742599959808
2095,124.10735677832946
2096,153.7121230401394
2097,174.63389588237683
2098,224.65380892705082
2099,237.78522907346306
2100,209.71116758779218
2101,201.74602236479475
2102,193.78889567071127
2103,174.6859762659736
2104,146.09736091163944
2105,105.11669024318222
2106,59.50435323443176
2107,25.035478429025215
2108,6.480693189048528
2109,0.0
2110,0.0
2111,0.0
2112,0.0
2113,0.0
2114,14.947444719499288
2115,37.350119148248375
2116,90.285296897921
2117,115.43168676907125
2118,165.42314036719878
2119,439.59945339455555
2120,565.4946676302003
2121,680.4289654414001
2122,750.3986580707854
2123,646.1292323763892
2124,650.3221746770282
2125,632.2555516579298
2126,463.04197688204044
2127,261.90269039944167
2128,191.2194911270682
2129,126.41959339307448
2130,84.93437396822159
2131,39.291720276910326
2132,11.686561679977453
2133,0.0
2134,0.0
2135,0.0
2136,0.0
2137,0.0
2138,9.019042199065545
2139,25.911564858267145
2140,56.40643072835569
2141,93.52548627378684
2142,109.26840458092548
2143,120.40693713670507
2144,237.4275604153606
2145,332.3012479125953
2146,493.06231571574335
2147,567.0868785058792
2148,542.8774923918176
2149,483.2896435998681
2150,288.74102508812166
2151,204.5273881672396
2152,149.07066752259155
2153,98.30265839995036
2154,64.89513772078934
2155,33.213625658306626
2156,10.353469759823476
2157,0.0
2158,0.0
2159,0.0
